{
  "low": {
    "high_freq_ratio_25": 0.0027564627408679584,
    "high_freq_ratio_33": 0.0009938369772554065,
    "gradient_entropy": -396.54623873620017,
    "edge_density": 0.072034,
    "orientation_variance_local": 0.07184155028955931
  },
  "high": {
    "high_freq_ratio_25": 0.02472645301379164,
    "high_freq_ratio_33": 0.018886125322073528,
    "gradient_entropy": -150.25820938410197,
    "edge_density": 0.14614333333333332,
    "orientation_variance_local": 0.06582489163062036
  },
  "orientation_variance": {
    "low": 0.07184155028955931,
    "high": 0.06582489163062036
  },
  "config": {
    "force_resize_high_to_low": true,
    "apply_clahe": true,
    "clahe_clip_limit": 0.01,
    "stft": {
      "win_size": 64,
      "hop": 32
    },
    "wavelet": {
      "wavelet": "db2",
      "level": 2
    },
    "out_dir": "results_batch/uav_00006"
  }
}