{
  "low": {
    "high_freq_ratio_25": 0.0067659460221897874,
    "high_freq_ratio_33": 0.0030505758869804707,
    "gradient_entropy": -298.77914351732295,
    "edge_density": 0.11743055555555555,
    "orientation_variance_local": 0.045551082403085155
  },
  "high": {
    "high_freq_ratio_25": 0.03706746722744702,
    "high_freq_ratio_33": 0.029252015643898836,
    "gradient_entropy": -109.68197302548812,
    "edge_density": 0.1874440586419753,
    "orientation_variance_local": 0.03879286282499524
  },
  "orientation_variance": {
    "low": 0.045551082403085155,
    "high": 0.03879286282499524
  },
  "config": {
    "force_resize_high_to_low": true,
    "apply_clahe": true,
    "clahe_clip_limit": 0.01,
    "stft": {
      "win_size": 64,
      "hop": 32
    },
    "wavelet": {
      "wavelet": "db2",
      "level": 2
    },
    "out_dir": "results_batch/uav_00003"
  }
}