{
  "low": {
    "high_freq_ratio_25": 0.0017320044028181559,
    "high_freq_ratio_33": 0.0006062140008520887,
    "gradient_entropy": -457.31466321822495,
    "edge_density": 0.030616326530612244,
    "orientation_variance_local": 0.017380552871037565
  },
  "high": {
    "high_freq_ratio_25": 0.009408558072324602,
    "high_freq_ratio_33": 0.005130690040819682,
    "gradient_entropy": -253.75664887542544,
    "edge_density": 0.04465170068027211,
    "orientation_variance_local": 0.017074550674755155
  },
  "orientation_variance": {
    "low": 0.017380552871037565,
    "high": 0.017074550674755155
  },
  "config": {
    "force_resize_high_to_low": true,
    "apply_clahe": true,
    "clahe_clip_limit": 0.01,
    "stft": {
      "win_size": 64,
      "hop": 32
    },
    "wavelet": {
      "wavelet": "db2",
      "level": 2
    },
    "out_dir": "results_batch/uav_00004"
  }
}