{
  "low": {
    "high_freq_ratio_25": 0.0019626289124109347,
    "high_freq_ratio_33": 0.0007102576813400995,
    "gradient_entropy": -344.1014816669102,
    "edge_density": 0.08223,
    "orientation_variance_local": 0.06062468464821999
  },
  "high": {
    "high_freq_ratio_25": 0.020168810507651052,
    "high_freq_ratio_33": 0.01568747644352036,
    "gradient_entropy": -136.8440721769762,
    "edge_density": 0.15117466666666668,
    "orientation_variance_local": 0.0364102746924424
  },
  "orientation_variance": {
    "low": 0.06062468464821999,
    "high": 0.0364102746924424
  },
  "config": {
    "force_resize_high_to_low": true,
    "apply_clahe": true,
    "clahe_clip_limit": 0.01,
    "stft": {
      "win_size": 64,
      "hop": 32
    },
    "wavelet": {
      "wavelet": "db2",
      "level": 2
    },
    "out_dir": "results_batch/uav_00013"
  }
}